1.000000000000000000e+00,-1.667803893739023380e+00,1.923510486424027777e+00,-2.272809908321007377e+00
1.000000000000000000e+00,1.691409837896299395e+00,2.194536313873754807e+00,2.563685090944563427e+00
1.000000000000000000e+00,-3.200773315623863247e-01,-1.031718269327207116e+00,-2.178757833244426151e-02
1.000000000000000000e+00,-2.729506138576803242e-01,-1.060760272848692232e+00,-1.641864936066709385e-02
1.000000000000000000e+00,-1.543126497253989982e+00,1.477779908299896139e+00,-1.795716327818731584e+00
1.000000000000000000e+00,3.102803590884030405e-02,-1.127460953459311632e+00,-8.460024340797405937e-03
1.000000000000000000e+00,-9.514884088435786591e-01,-1.583797675861755294e-01,-4.153345200571835760e-01
1.000000000000000000e+00,1.188318240489559877e-02,-1.129423312906950638e+00,-8.521108762724539237e-03
1.000000000000000000e+00,1.688789343632942863e+00,2.184383508522700357e+00,2.551914166146161289e+00
1.000000000000000000e+00,-9.342643027116975807e-01,-1.941597964996280290e-01,-3.930922562002877041e-01
1.000000000000000000e+00,-1.577676396998664021e-01,-1.110612277794142955e+00,-9.767415511119066987e-03
1.000000000000000000e+00,-1.008194446275434197e+00,-3.584479709619134424e-02,-4.945919021439451058e-01
1.000000000000000000e+00,1.671726570700811099e+00,2.118655333250481831e+00,2.476147398114204368e+00
1.000000000000000000e+00,-1.431850515711067473e+00,1.109635457723153307e+00,-1.431075052893733046e+00
1.000000000000000000e+00,1.721168850126979066e+00,2.310923267850811591e+00,2.699899293723786897e+00
1.000000000000000000e+00,-9.215984985514494854e-01,-2.200428805022650591e-01,-3.772641858246283952e-01
1.000000000000000000e+00,-1.460933632464501475e+00,1.203152061235790216e+00,-1.521060695992012546e+00
1.000000000000000000e+00,-1.508708060347302982e-01,-1.112645667541713568e+00,-9.587977568130408301e-03
1.000000000000000000e+00,4.525933994301738483e-01,-8.742678846281841665e-01,4.659116953444495529e-02
1.000000000000000000e+00,1.623097246935468974e+00,1.934938985216279050e+00,2.268441126509749495e+00
1.000000000000000000e+00,-1.105393023344674042e+00,1.910970925950323807e-01,-6.532679531307336029e-01
1.000000000000000000e+00,1.190516753663242611e+00,5.359662631702972746e-01,9.042689190210120298e-01
1.000000000000000000e+00,6.838696180021791582e-01,-5.647139654998399871e-01,1.721507220239990865e-01
1.000000000000000000e+00,-6.207775414106909695e-01,-7.281986849371817616e-01,-1.169291939980774964e-01
1.000000000000000000e+00,-1.000099398657280786e-01,-1.124320793918699657e+00,-8.769238079411817779e-03
1.000000000000000000e+00,-7.554411511287758563e-01,-5.260100363715307648e-01,-2.080819739344821895e-01
1.000000000000000000e+00,-1.214608699630479238e+00,4.715762468259445117e-01,-8.689788647305602964e-01
1.000000000000000000e+00,-1.205517916227406339e+00,4.472012622517022029e-01,-8.494214651851486053e-01
1.000000000000000000e+00,2.269291159188150664e-01,-1.059767172028377891e+00,-5.023333049297320618e-04
1.000000000000000000e+00,-4.470639628831881568e-02,-1.130379886456360561e+00,-8.549038200888250602e-03
1.000000000000000000e+00,-9.591752263298074510e-01,-1.421953442446604599e-01,-4.255315090151110535e-01
1.000000000000000000e+00,-4.667299849930070521e-01,-9.092240462112758381e-01,-5.280647894293661465e-02
1.000000000000000000e+00,2.948880387431972450e-01,-1.016017126853060226e+00,7.965805677865546094e-03
1.000000000000000000e+00,1.562007046357327233e+00,1.711722442294440372e+00,2.024348597324502119e+00
1.000000000000000000e+00,3.965108944365074994e-01,-9.311175919440587423e-01,2.932419191888249732e-02
1.000000000000000000e+00,-1.128338711551694074e-01,-1.121928361223128112e+00,-8.903067859087112831e-03
1.000000000000000000e+00,-1.407272033435703840e+00,1.032094158440795439e+00,-1.357869520476845837e+00
1.000000000000000000e+00,1.545812132857776300e+00,1.653962715530742145e+00,1.962703714097743024e+00
1.000000000000000000e+00,-1.554154595302517539e+00,1.515789594031352827e+00,-1.834918616823647319e+00
1.000000000000000000e+00,1.921104340230808949e-01,-1.078137861147535181e+00,-3.408127012919062900e-03
1.000000000000000000e+00,1.264505381823360031e+00,7.452599501717465103e-01,1.081481835223097265e+00
1.000000000000000000e+00,6.372463437402147157e-01,-6.368475882897659535e-01,1.387418194291835938e-01
1.000000000000000000e+00,6.875825866907935291e-01,-5.587581767547873390e-01,1.750094963109025681e-01
1.000000000000000000e+00,3.458239512951986616e-01,-9.763813579831637224e-01,1.721201455552568566e-02
1.000000000000000000e+00,2.619389546109234662e-02,-1.128034644811600984e+00,-8.480411920374958737e-03
1.000000000000000000e+00,8.484687477556110968e-01,-2.707583786172278462e-01,3.298121765859402532e-01
1.000000000000000000e+00,1.522349721935300382e+00,1.571334829199070082e+00,1.875625311891162772e+00
1.000000000000000000e+00,1.206258056533031198e+00,5.794578334221527349e-01,9.402270489647922558e-01
1.000000000000000000e+00,7.824370487643877992e-01,-3.960397395455363956e-01,2.586472542545819597e-01
1.000000000000000000e+00,-2.535431009083915499e-01,-1.071260801834235998e+00,-1.471761952717039884e-02
1.000000000000000000e+00,2.873898039193117371e-01,-1.021356665329910207e+00,6.827941303761422831e-03
1.000000000000000000e+00,-1.509239116206962272e+00,1.362703192770583938e+00,-1.678772604203834895e+00
1.000000000000000000e+00,-1.051642892107593763e+00,6.296033868392611477e-02,-5.618390524452180346e-01
1.000000000000000000e+00,-1.383844475918585948e+00,9.594549714875038049e-01,-1.290471508358651986e+00
1.000000000000000000e+00,-2.138947031325662620e-02,-1.130862590337237350e+00,-8.544432655849778374e-03
1.000000000000000000e+00,-1.503782739080413711e+00,1.344416744104754979e+00,-1.660433570584844531e+00
1.000000000000000000e+00,-1.600279126735210999e+00,1.677742848748951188e+00,-2.005095630010472529e+00
1.000000000000000000e+00,3.474675304524643127e-01,-9.750047348521265755e-01,1.755704848634638549e-02
1.000000000000000000e+00,-4.668567842107671506e-01,-9.090970997236599294e-01,-5.284451070093265646e-02
1.000000000000000000e+00,1.081178731655577430e+00,2.493336344464864851e-01,6.792478432476526384e-01
1.000000000000000000e+00,6.505308986305990970e-01,-6.167948336099960960e-01,1.477999169182838413e-01
1.000000000000000000e+00,-1.507622339572414649e+00,1.357277727268769940e+00,-1.673324497244355058e+00
1.000000000000000000e+00,-1.260505085343905041e+00,5.974899163453061268e-01,-9.723598392406884727e-01
1.000000000000000000e+00,8.990837182578261810e-01,-1.680541181606275414e-01,3.921906255472634162e-01
1.000000000000000000e+00,-7.901447380523073383e-01,-4.672617946112843645e-01,-2.378475767656088313e-01
1.000000000000000000e+00,-2.681626702321290301e-01,-1.063429926057541941e+00,-1.597320250220634827e-02
1.000000000000000000e+00,5.835757508313229591e-01,-7.138007257407148476e-01,1.057051014063501715e-01
1.000000000000000000e+00,-8.359205464094068283e-01,-3.856060970803747989e-01,-2.814469571338037435e-01
1.000000000000000000e+00,1.705099253067452914e+00,2.247826736250478241e+00,2.625763032915577444e+00
1.000000000000000000e+00,4.241158694215940161e-01,-9.040234779019550304e-01,3.728450964866013295e-02
1.000000000000000000e+00,-1.572448987175200319e+00,1.579449742606723772e+00,-1.901208006915544590e+00
1.000000000000000000e+00,-1.255261549588186254e+00,5.828637021707263610e-01,-9.601513515213379035e-01
1.000000000000000000e+00,-7.318174211447738831e-01,-5.644443081956823649e-01,-1.893687150267475416e-01
1.000000000000000000e+00,1.675140851911639084e+00,2.131754951273741039e+00,2.491187116916848687e+00
1.000000000000000000e+00,-1.777555638397862792e+00,2.344960352940209880e+00,-2.757264453751150146e+00
1.000000000000000000e+00,1.046659125157984871e+00,1.644521298983201429e-01,6.167854905703283874e-01
1.000000000000000000e+00,-8.515526518676859169e-01,-3.566363284027886937e-01,-2.975129411159532222e-01
1.000000000000000000e+00,-6.417290026752707766e-01,-6.994341164358006679e-01,-1.287477948737002775e-01
1.000000000000000000e+00,-6.215961878631465209e-01,-7.270933811890936127e-01,-1.173757629890387205e-01
1.000000000000000000e+00,1.600663792621007886e+00,1.851989596330728460e+00,2.176658891169409138e+00
1.000000000000000000e+00,-2.016349240249651342e-01,-1.095162030911523088e+00,-1.140653628951453225e-02
1.000000000000000000e+00,-1.617797958368303757e+00,1.740515426473445704e+00,-2.072402718047718029e+00
1.000000000000000000e+00,4.454560097640806182e-01,-8.818977460530660339e-01,4.415041710550448445e-02
1.000000000000000000e+00,9.620785966783093057e-01,-3.214060309203819327e-02,4.799713701030954849e-01
1.000000000000000000e+00,-1.662465667931961155e+00,1.903705928447450235e+00,-2.250823446620911383e+00
1.000000000000000000e+00,7.241901963065236481e-02,-1.120386418173997534e+00,-8.089153024866509861e-03
1.000000000000000000e+00,-1.649335893575681000e+00,1.855269162132528571e+00,-2.197352612765419266e+00
1.000000000000000000e+00,-1.752656997802631178e+00,2.246960998569323298e+00,-2.641839479384020528e+00
1.000000000000000000e+00,1.135978140705732775e+00,3.896139069038815905e-01,7.867268525580108918e-01
1.000000000000000000e+00,-3.117868751659267912e-01,-1.037191190680467612e+00,-2.070636664055030413e-02
1.000000000000000000e+00,1.691099914997458376e+00,2.193334743691409905e+00,2.562291079900356205e+00
1.000000000000000000e+00,-1.057256423156801350e+00,7.603721990189815649e-02,-5.709548547139154939e-01
1.000000000000000000e+00,-1.902487433626412483e-02,-1.130842907387808349e+00,-8.544381943141670863e-03
1.000000000000000000e+00,1.142634930142232719e+00,4.071169089171313704e-01,8.004984095830461888e-01
1.000000000000000000e+00,-1.767265609165964646e+00,2.304289599594117277e+00,-2.709161618774760250e+00
1.000000000000000000e+00,-1.710071710065214745e+00,2.082596270039195563e+00,-2.451993338774434594e+00
1.000000000000000000e+00,-1.151863166601106547e+00,3.071425763784435548e-01,-7.399977045771209960e-01
1.000000000000000000e+00,-5.588448875529394844e-01,-8.074252273382653833e-01,-8.657095790060952145e-02
1.000000000000000000e+00,-1.705579952845656555e+00,2.065498610479813646e+00,-2.432518274147114745e+00
1.000000000000000000e+00,1.353071645178089311e+00,1.012061506104153574e+00,1.322078609122500081e+00
1.000000000000000000e+00,-1.153563242335229555e+00,3.114805718645007326e-01,-7.433100193298419756e-01
1.000000000000000000e+00,6.276324211120098973e-01,-6.511107888076329564e-01,1.324095014942147375e-01
1.000000000000000000e+00,1.120036085286696403e+00,3.481039171733222304e-01,7.543831702001637662e-01
1.000000000000000000e+00,8.241296639270452307e-01,-3.180836147985079965e-01,3.022742066506897696e-01
1.000000000000000000e+00,-2.281095675574412451e-01,-1.083732755348008725e+00,-1.288538514499087094e-02
1.000000000000000000e+00,1.439057380691218357e+00,1.288052868540457085e+00,1.587245230376236105e+00
1.000000000000000000e+00,-1.758892262081503288e+00,2.271371048832341977e+00,-2.670435430416377098e+00
1.000000000000000000e+00,-1.587375373314519056e+00,1.631950469473946619e+00,-1.956466734965115695e+00
1.000000000000000000e+00,-6.965820020194675166e-01,-6.194260397306090571e-01,-1.636900016746176689e-01
1.000000000000000000e+00,-1.049218158664716682e+00,5.733388155274128650e-02,-5.579321926882095939e-01
1.000000000000000000e+00,-9.699417595034960371e-01,-1.193020965257171329e-01,-4.400983462405419488e-01
1.000000000000000000e+00,7.611284778912252857e-01,-4.343648464983079771e-01,2.380191186823058802e-01
1.000000000000000000e+00,-8.812795659366080558e-01,-3.000217676416218615e-01,-3.297810194417527541e-01
1.000000000000000000e+00,4.024334774691107341e-01,-9.254497515969162258e-01,3.094731979051482465e-02
1.000000000000000000e+00,-1.148823699739915272e+00,2.994032073553661855e-01,-7.341006444711678514e-01
1.000000000000000000e+00,-1.617392918202082086e+00,1.739056272892639976e+00,-2.070829729669007246e+00
1.000000000000000000e+00,-8.599959730486699261e-01,-3.407592279185166495e-01,-3.064471149592751242e-01
1.000000000000000000e+00,7.395550465750977409e-01,-4.721207410926279713e-01,2.182448697954769701e-01
1.000000000000000000e+00,-7.714479077577217347e-02,-1.127664212125278231e+00,-8.621420072214214941e-03
1.000000000000000000e+00,-5.454499735519036108e-01,-8.234200932032244014e-01,-8.085530117182460064e-02
1.000000000000000000e+00,4.851799758327880463e-01,-8.379698318988028083e-01,5.869457960620276527e-02
1.000000000000000000e+00,-2.934771871642459784e-01,-1.048727814465622021e+00,-1.853038995157411592e-02
1.000000000000000000e+00,-6.193046878120376242e-01,-7.301834584908767356e-01,-1.161288362316956341e-01
1.000000000000000000e+00,-1.678978046987765482e-01,-1.107430658444889415e+00,-1.006656884796156524e-02
1.000000000000000000e+00,-5.063102226100629766e-01,-8.678329063016466671e-01,-6.576700995873827060e-02
1.000000000000000000e+00,-1.275827054437354668e+00,6.405848500202688811e-01,-1.008631290533921421e+00
1.000000000000000000e+00,1.336955636287664673e+00,9.621931536588099743e-01,1.275902306878385239e+00
1.000000000000000000e+00,-1.321287312536079783e+00,7.715704594084817902e-01,-1.121580422471510463e+00
1.000000000000000000e+00,8.197133468817308088e-01,-3.265272294350738402e-01,2.974434056792132353e-01
1.000000000000000000e+00,-1.530743742411838637e+00,1.435428874392349119e+00,-1.752371749982576166e+00
1.000000000000000000e+00,1.116712749788244086e+00,3.395229655145476366e-01,7.477530924041417837e-01
1.000000000000000000e+00,1.437829865479324676e+00,1.283995280056557053e+00,1.583231661362918929e+00
1.000000000000000000e+00,1.144287315712213982e+00,4.114771200808931551e-01,8.039413167894171597e-01
1.000000000000000000e+00,-2.033630951799556830e-01,-1.094464303543611239e+00,-1.149083282899637445e-02
1.000000000000000000e+00,-1.468845850125442831e-01,-1.113771891234638822e+00,-9.492753584005916151e-03
1.000000000000000000e+00,-8.600666161256831366e-01,-3.406257085628002224e-01,-3.065226312139658904e-01
1.000000000000000000e+00,3.089641649001336754e-01,-1.005650201593254245e+00,1.025090942794911093e-02
1.000000000000000000e+00,-2.178077284512647538e-01,-1.088368432504335237e+00,-1.226103228106565496e-02
1.000000000000000000e+00,8.081594485294671948e-01,-3.484087325728986717e-01,2.850424761782153205e-01
1.000000000000000000e+00,5.890472049418393752e-01,-7.062537923652842942e-01,1.088201352867037980e-01
1.000000000000000000e+00,4.056472686888556445e-01,-9.223410061537096194e-01,3.184718259035047155e-02
1.000000000000000000e+00,1.054563526437098053e+00,1.836507735273080200e-01,6.307393925182318561e-01
1.000000000000000000e+00,5.151526133357730020e-01,-8.024641906826823767e-01,7.128411555169876512e-02
1.000000000000000000e+00,-7.168153838840558567e-01,-5.881967210154049885e-01,-1.781148054363371480e-01
1.000000000000000000e+00,-9.550874868437699838e-01,-1.508186168332392996e-01,-4.200879453391780927e-01
1.000000000000000000e+00,-1.449406964060350189e+00,1.165859401194244249e+00,-1.484955736193999787e+00
1.000000000000000000e+00,7.742847032973864119e-01,-4.108235823819740284e-01,2.506246119399881400e-01
1.000000000000000000e+00,-1.479560319897846421e+00,1.264050476276235457e+00,-1.580641169262398948e+00
1.000000000000000000e+00,4.360509771058467265e-01,-8.917758726222901888e-01,4.104567674967452701e-02
1.000000000000000000e+00,-9.077700589767005376e-03,-1.130621691320890188e+00,-8.542784373351867966e-03
1.000000000000000000e+00,1.184749231736762720e+00,5.201714118066655956e-01,8.913250459222278321e-01
1.000000000000000000e+00,-5.250300758992609840e-01,-8.470230771108916423e-01,-7.269023774969216034e-02
1.000000000000000000e+00,-1.591283038261205540e+00,1.645778119695701536e+00,-1.971108764238551636e+00
1.000000000000000000e+00,-1.271067718315948669e+00,6.271418107062373126e-01,-9.972688747068448878e-01
1.000000000000000000e+00,-1.255289274888692574e+00,5.829408751299286484e-01,-9.602156314874367160e-01
1.000000000000000000e+00,-5.258372458831652718e-01,-8.461079765465530089e-01,-7.300068965562879486e-02
1.000000000000000000e+00,2.185704652341256271e-01,-1.064427252721433570e+00,-1.279857400527411281e-03
1.000000000000000000e+00,-1.012838080759382420e+00,-2.548847334140943652e-02,-5.015034545487888629e-01
1.000000000000000000e+00,-2.465587075374479353e-01,-1.074831405784751892e+00,-1.417134521412048015e-02
1.000000000000000000e+00,3.794904706161165153e-01,-9.469645793563589153e-01,2.490842192424864293e-02
1.000000000000000000e+00,1.657747571364283301e+00,2.065296724575370835e+00,2.415199745513794571e+00
1.000000000000000000e+00,1.186924918865393641e+00,5.261208844440397048e-01,8.961934006077110215e-01
1.000000000000000000e+00,-1.087771500073295927e+00,1.483690004384674022e-01,-6.222641539088803464e-01
1.000000000000000000e+00,-1.426925339836109252e+00,1.093987890555696563e+00,-1.416198786608436677e+00
1.000000000000000000e+00,-6.614468694272004345e-01,-6.714568268095321146e-01,-1.406275819019714435e-01
1.000000000000000000e+00,1.386372806120336865e+00,1.116966452720594916e+00,1.420973719281602099e+00
1.000000000000000000e+00,-1.284749438800677004e-02,-1.130731848142622065e+00,-8.543754422494125381e-03
1.000000000000000000e+00,-1.049532346410020134e+00,5.806218702618383409e-02,-5.584373882228436115e-01
1.000000000000000000e+00,-1.085866569183195907e+00,1.437920268940239832e-01,-6.189733705683185816e-01
1.000000000000000000e+00,-5.942340335931521889e-01,-7.632158011215542937e-01,-1.031031196343262929e-01
1.000000000000000000e+00,1.223667891874205375e-02,-1.129394587012938711e+00,-8.520410229503130872e-03
1.000000000000000000e+00,-3.154907242367377962e-01,-1.034765305557342030e+00,-2.118182740984439136e-02
1.000000000000000000e+00,5.864840959763122363e-01,-7.097975871301093198e-01,1.073539384302180377e-01
1.000000000000000000e+00,-1.399459546872866555e+00,1.007732982977738612e+00,-1.335137923326277232e+00
1.000000000000000000e+00,-5.681952504541641913e-01,-7.960195873349120710e-01,-9.073431164149671491e-02
1.000000000000000000e+00,-4.778661026389461330e-01,-8.979364278754619066e-01,-5.623032900026683073e-02
1.000000000000000000e+00,5.697255646762288128e-01,-7.326022267148218914e-01,9.806726634078258287e-02
1.000000000000000000e+00,-7.303995728451525560e-01,-5.667109263349306980e-01,-1.882844169371340470e-01
1.000000000000000000e+00,1.368310915984426168e-01,-1.101674650924604704e+00,-6.428490010985667483e-03
1.000000000000000000e+00,6.076122050722295720e-01,-6.801422081311394585e-01,1.198108338939059825e-01
1.000000000000000000e+00,8.332782727976862924e-01,-3.004520080851084129e-01,3.124426501591263672e-01
1.000000000000000000e+00,-1.782370167920997783e+00,2.364071697596207944e+00,-2.779965741888401176e+00
1.000000000000000000e+00,8.948156040813882717e-01,-1.769382425840399509e-01,3.866569255952292394e-01
1.000000000000000000e+00,8.335668509229102185e-02,-1.117870067728372829e+00,-7.915749876423041481e-03
1.000000000000000000e+00,1.027244717472419078e+00,1.178967978597853655e-01,5.833776482896892990e-01
1.000000000000000000e+00,-9.751759700999643732e-01,-1.080777577776367709e-01,-4.473010082141535837e-01
1.000000000000000000e+00,-3.073958794673516959e-01,-1.040026958422114678e+00,-2.015833144975294478e-02
1.000000000000000000e+00,3.655376433351158472e-01,-9.594670161855943791e-01,2.155573076198868260e-02
1.000000000000000000e+00,1.095557482123411086e+00,2.854847200484519898e-01,7.064466080899582945e-01
1.000000000000000000e+00,2.807963073372017337e-01,-1.025946920774861937e+00,5.871637012686621582e-03
1.000000000000000000e+00,-7.036964774076029938e-01,-6.085506541448842954e-01,-1.686647606667197319e-01
1.000000000000000000e+00,-8.565213735516745697e-01,-3.473124923220496374e-01,-3.027485534094196962e-01
1.000000000000000000e+00,1.337560306358998474e+00,9.640536056016406619e-01,1.277615238552945343e+00
1.000000000000000000e+00,-9.416711123885732615e-01,-1.788556457616430617e-01,-4.025548730192142211e-01
1.000000000000000000e+00,-1.689759311787228047e+00,2.005641298592404809e+00,-2.364748635714264857e+00
1.000000000000000000e+00,-1.213551724287684763e+00,4.687325969547296856e-01,-8.666895315091479590e-01
1.000000000000000000e+00,1.449051957653427536e+00,1.321217009613966376e+00,1.620175581593943148e+00
1.000000000000000000e+00,-1.622061070965369778e+00,1.755895743967140543e+00,-2.089007212214451403e+00
1.000000000000000000e+00,-1.320005675296191061e+00,7.678136563371260603e-01,-1.118285134510208945e+00
1.000000000000000000e+00,9.550837874821097584e-01,-4.767485327075533796e-02,4.696478419536135318e-01
1.000000000000000000e+00,-5.889160999287939013e-01,-7.700399017608069441e-01,-1.004826888057522016e-01
1.000000000000000000e+00,2.003345112147973117e-01,-1.074045953050105862e+00,-2.798819296601490463e-03
1.000000000000000000e+00,1.174234869206750576e+00,4.915704193142141909e-01,8.680439394257281061e-01
1.000000000000000000e+00,-4.150224045450424115e-01,-9.579624196471908659e-01,-3.904181583183987531e-02
1.000000000000000000e+00,2.460788410455012343e-01,-1.048495518433613105e+00,1.483898841560577506e-03
1.000000000000000000e+00,1.612909609186389259e+00,1.897128424218626153e+00,2.226448239313056021e+00
1.000000000000000000e+00,-1.709879261938200390e+00,2.081862790284157771e+00,-2.451156803674491069e+00
1.000000000000000000e+00,-1.584297304675285067e+00,1.621082728725774302e+00,-1.944984617813612982e+00
1.000000000000000000e+00,1.006082652924596976e+00,6.812112570783955545e-02,5.483417873164742051e-01
1.000000000000000000e+00,-9.889545656736437040e-01,-7.823459597071039107e-02,-4.666435610490839991e-01
1.000000000000000000e+00,9.873389702969008752e-01,2.487915926785696716e-02,5.184886657732624693e-01
1.000000000000000000e+00,8.542164760746431273e-01,-2.593869690579824194e-01,3.365443535885707105e-01
1.000000000000000000e+00,-4.821497871299276206e-01,-8.935198108704078823e-01,-5.759298675008029528e-02
1.000000000000000000e+00,3.463631538020321421e-01,-9.759304077120783960e-01,1.732487118423212819e-02
1.000000000000000000e+00,1.234794675161162036e+00,6.597296067117761620e-01,1.007798590702533525e+00
1.000000000000000000e+00,3.089432850965856403e-01,-1.005665911046347505e+00,1.024737257244437774e-02
1.000000000000000000e+00,7.248959987905454483e-01,-4.971753982487869816e-01,2.054302311320418128e-01
1.000000000000000000e+00,-1.536271800431877388e+00,1.454292903412845783e+00,-1.771634504866015813e+00
1.000000000000000000e+00,3.873735256150952488e-01,-9.397064150908368552e-01,2.690825698592721332e-02
1.000000000000000000e+00,1.350405498110361258e+00,1.003771021190688506e+00,1.314364291884319469e+00
1.000000000000000000e+00,1.057401941290419201e+00,1.905793347504507740e-01,6.358003430328267314e-01
1.000000000000000000e+00,-1.159496441948485890e+00,3.266711986084854247e-01,-7.549481977906326025e-01
1.000000000000000000e+00,-1.524107641593476226e-01,-1.112200966153180648e+00,-9.626406199039896222e-03
1.000000000000000000e+00,2.319608072348600392e-01,-1.056885774005130285e+00,-8.559111382711217912e-06
1.000000000000000000e+00,9.756906480371976276e-01,-1.593583342123954362e-03,5.004849997212670321e-01
1.000000000000000000e+00,-1.367858656598883504e+00,9.106016471756894770e-01,-1.245794920530447270e+00
1.000000000000000000e+00,2.530819709048882094e-01,-1.044166427626250782e+00,2.284740283372681171e-03
1.000000000000000000e+00,-1.101622197630669708e+00,1.818946879650883419e-01,-6.465476598592349022e-01
1.000000000000000000e+00,-1.595080326271057558e+00,1.659248258482493243e+00,-1.985407327743665018e+00
1.000000000000000000e+00,8.527095893560986406e-01,-2.623754436332757511e-01,3.347708166988488387e-01
1.000000000000000000e+00,1.191498592237134613e+00,5.386626017103062214e-01,9.064847180397713755e-01
1.000000000000000000e+00,-1.078378151485436254e+00,1.258791225323777074e-01,-6.061510875242168694e-01
1.000000000000000000e+00,-1.174219840907440471e+00,3.647109003137457006e-01,-7.843581097473225627e-01
1.000000000000000000e+00,8.612888305020908186e-01,-2.452924198750651985e-01,3.449498290485140672e-01
1.000000000000000000e+00,7.159716534613673744e-01,-5.121906574862913342e-01,1.978703302964986699e-01
1.000000000000000000e+00,1.396327098437398107e+00,1.148811002811356730e+00,1.451458510784824574e+00
1.000000000000000000e+00,1.275254733648316430e+00,7.766964373157517754e-01,1.108993054265368983e+00
1.000000000000000000e+00,-1.604694384704235421e+00,1.693497984442785986e+00,-2.021918887411409127e+00
1.000000000000000000e+00,1.082897214624274795e+00,2.536296583723411935e-01,6.824615765389401290e-01
1.000000000000000000e+00,4.438258918682533860e-01,-8.836241869768195478e-01,4.360326703347173344e-02
1.000000000000000000e+00,-1.773150533591893341e+00,2.327520127954704865e+00,-2.736602578097142136e+00
1.000000000000000000e+00,-8.802073853867479203e-01,-3.020984469255159066e-01,-3.285773905966560826e-01
1.000000000000000000e+00,1.295378334985877178e+00,8.362501042043436472e-01,1.161733215611974401e+00
1.000000000000000000e+00,8.513024566353627476e-01,-2.651614505789472997e-01,3.331201818311221863e-01
1.000000000000000000e+00,-2.367685042311132027e-01,-1.079650799839232622e+00,-1.346129690840384627e-02
1.000000000000000000e+00,4.369015012150846977e-01,-8.908907885783241554e-01,4.132129255040763172e-02
1.000000000000000000e+00,4.076273686446625910e-01,-9.204140039109708349e-01,3.240835936096456843e-02
1.000000000000000000e+00,-7.841684483707779263e-01,-4.775728438515809970e-01,-2.325240689758048263e-01
1.000000000000000000e+00,-9.159342221882881274e-01,-2.315007113324075716e-01,-3.703285956811098734e-01
1.000000000000000000e+00,8.979821902553422053e-01,-1.703509025685955580e-01,3.907575583147324116e-01
1.000000000000000000e+00,8.687368268440918140e-01,-2.303270200611446938e-01,3.539481468559479427e-01
1.000000000000000000e+00,7.756710402821472838e-01,-4.083201358176198337e-01,2.519773993260660538e-01
1.000000000000000000e+00,6.861046367808997237e-01,-5.611326162429415287e-01,1.738679744120968373e-01
1.000000000000000000e+00,1.362698690541470636e+00,1.042130925765641480e+00,1.350183404325153491e+00
1.000000000000000000e+00,-9.992848309403881135e-01,-5.557871472617786218e-02,-4.815123686553998694e-01
1.000000000000000000e+00,3.126933610260066443e-01,-1.002828639781676578e+00,1.088974633632419295e-02
1.000000000000000000e+00,-6.887214889107851068e-02,-1.128582728770031185e+00,-8.590830260381621467e-03
1.000000000000000000e+00,4.519405972790945802e-01,-8.749705137976414582e-01,4.636486542730811067e-02
1.000000000000000000e+00,-1.253619866988185505e+00,5.782972007488389465e-01,-9.563503358735317983e-01
1.000000000000000000e+00,7.159634920424402527e-01,-5.122043067221794255e-01,1.978634994802671854e-01
1.000000000000000000e+00,5.702426357360794729e-01,-7.319080994407092255e-01,9.834610283172309786e-02
1.000000000000000000e+00,-3.164229876168039302e-01,-1.034149822360552973e+00,-2.130342241599348513e-02
1.000000000000000000e+00,1.623953869842136521e+00,1.938128961906686154e+00,2.271995859128044692e+00
1.000000000000000000e+00,-1.200415966798682010e+00,4.336033201197047049e-01,-8.385763916968173026e-01
1.000000000000000000e+00,7.242490164750839954e-01,-4.982700021907759957e-01,2.048760608575621034e-01
1.000000000000000000e+00,-1.687535324412803739e+00,1.997272211180693313e+00,-2.355324412827497937e+00
1.000000000000000000e+00,-1.052879194826728426e+00,6.583422494649865397e-02,-5.638381591444793228e-01
1.000000000000000000e+00,7.196121133149638860e-01,-5.060873048561723708e-01,2.009323159040568574e-01
1.000000000000000000e+00,3.970899959049706274e-01,-9.305668962285841284e-01,2.948089963868252145e-02
1.000000000000000000e+00,-2.986198834523857704e-01,-1.045564020628919844e+00,-1.911284174965197785e-02
1.000000000000000000e+00,-5.486593867757798559e-01,-8.196246795547899033e-01,-8.219842343562550058e-02
1.000000000000000000e+00,1.124733186114403594e-01,-1.109853291821998544e+00,-7.252093842250124933e-03
1.000000000000000000e+00,5.151565648604211622e-01,-8.024593758205983418e-01,7.128587114777762412e-02
1.000000000000000000e+00,1.334048392341496747e+00,9.532596703203949362e-01,1.267687791480739179e+00
1.000000000000000000e+00,3.954420875014851844e-01,-9.321319817144790854e-01,2.903609919678281498e-02
1.000000000000000000e+00,-7.648274558616887653e-01,-5.103889378707865410e-01,-2.158615506557614305e-01
1.000000000000000000e+00,6.666801941880927673e-01,-5.918805770801603972e-01,1.593022022707563934e-01
1.000000000000000000e+00,-1.070068040950653554e+00,1.061490464375153681e-01,-5.921334579483782390e-01
1.000000000000000000e+00,9.089176003173571328e-01,-1.474280529380270488e-01,4.051365609858953998e-01
1.000000000000000000e+00,-5.498674316651095406e-01,-8.181900287042502828e-01,-8.270826020445323778e-02
1.000000000000000000e+00,6.673372996504971510e-01,-5.908543487197536193e-01,1.597817971905096945e-01
1.000000000000000000e+00,-1.417022724743939976e+00,1.062692667871234065e+00,-1.386603019363097378e+00
1.000000000000000000e+00,5.911628404910067580e-01,-7.033174938341822946e-01,1.100396346652709745e-01
1.000000000000000000e+00,-5.283760509344491707e-01,-8.432200946545059805e-01,-7.398368625734637327e-02
1.000000000000000000e+00,-4.052716306395103829e-01,-9.664759685965820246e-01,-3.681734433559884917e-02
1.000000000000000000e+00,5.864849093755745146e-01,-7.097964648670767041e-01,1.073544017780492660e-01
1.000000000000000000e+00,-1.438011651480933351e+00,1.129286939767357500e+00,-1.449831566754931522e+00
1.000000000000000000e+00,5.601400246929859605e-01,-7.453606112518007532e-01,9.298560197919847337e-02
1.000000000000000000e+00,1.518294178731167898e+00,1.557178501810460025e+00,1.860838518428435062e+00
1.000000000000000000e+00,1.613711902558766509e+00,1.900097558253897478e+00,2.229736361931791144e+00
1.000000000000000000e+00,-8.954098397616425675e-01,-2.724104100193935341e-01,-3.459266944916726816e-01
1.000000000000000000e+00,-1.286030729537976480e+00,6.695783216993792530e-01,-1.033284178303873091e+00
1.000000000000000000e+00,-9.783095011292907150e-01,-1.013285202988832706e-01,-4.516510898240332361e-01
1.000000000000000000e+00,-1.912564673891235800e-01,-1.099210191655118685e+00,-1.093389112642625775e-02
1.000000000000000000e+00,-1.453565343200193150e+00,1.179278530022974669e+00,-1.497913989402332779e+00
1.000000000000000000e+00,1.663938802382596949e+00,2.088874498841233329e+00,2.442068694821375008e+00
1.000000000000000000e+00,-6.709280151591456853e-01,-6.576913258950651819e-01,-1.466082912481517508e-01
1.000000000000000000e+00,8.555878699737823334e-01,-2.566627440694200235e-01,3.381637210679933059e-01
1.000000000000000000e+00,-1.359050702001254329e+00,8.839309952199372322e-01,-1.221628331580652205e+00
1.000000000000000000e+00,-1.284445408797351362e+00,6.650582328419269995e-01,-1.029427632850824725e+00
1.000000000000000000e+00,-4.676356857544208823e-02,-1.130278302678431546e+00,-8.550540375690468889e-03
1.000000000000000000e+00,6.250437086761700956e-01,-6.549156957199313567e-01,1.307359987465398776e-01
1.000000000000000000e+00,1.077285143275151125e+00,2.396247758907820435e-01,6.720033442665628298e-01
1.000000000000000000e+00,-6.230434938231581565e-01,-7.251355798774249406e-01,-1.181682619203569679e-01
1.000000000000000000e+00,-6.129393550437495231e-01,-7.387048010446261026e-01,-1.127151727198847236e-01
1.000000000000000000e+00,-5.299269336619225612e-01,-8.414488023683176499e-01,-7.458905980239942390e-02
1.000000000000000000e+00,8.038657706041002493e-01,-3.564634658315772864e-01,2.805208419891747074e-01
1.000000000000000000e+00,1.183864250786089478e+00,5.177544699072726964e-01,8.893498048304266934e-01
1.000000000000000000e+00,-3.033771033772796749e-02,-1.130822663079480428e+00,-8.544577261705439686e-03
1.000000000000000000e+00,-9.599377237296408127e-01,-1.405826413561676591e-01,-4.265521945932831960e-01
1.000000000000000000e+00,6.146906795096833687e-01,-6.699812129391687909e-01,1.241755792747352843e-01
1.000000000000000000e+00,-1.461850408540549706e+00,1.206131034490588894e+00,-1.523957316127437789e+00
1.000000000000000000e+00,1.338857789680917953e+00,9.680484982766195401e-01,1.281295935619785054e+00
1.000000000000000000e+00,3.758366596652640279e-01,-9.502811093122929265e-01,2.400758461259588916e-02
1.000000000000000000e+00,-1.105696708482185375e+00,1.918396108770988873e-01,-6.538112189248138639e-01
1.000000000000000000e+00,-7.981998327877964927e-01,-4.532363858658158273e-01,-2.451553649810128133e-01
1.000000000000000000e+00,1.705487618202135902e+00,2.249344750920034386e+00,2.627538584516151410e+00
1.000000000000000000e+00,8.933998906690286956e-01,-1.798759703546460309e-01,3.848327382830129539e-01
1.000000000000000000e+00,1.149728666543986533e+00,4.258790406964477748e-01,8.153479236350582582e-01
1.000000000000000000e+00,1.734874539671406923e+00,2.365199259942629695e+00,2.764218171711951832e+00
1.000000000000000000e+00,-4.533117829981300195e-01,-9.224524148310434546e-01,-4.890369866646292196e-02
1.000000000000000000e+00,-1.070184946092321399e+00,1.064255230418999637e-01,-5.923291191676971490e-01
1.000000000000000000e+00,5.388684843717905792e-01,-7.729312456566038714e-01,8.229096670888871867e-02
1.000000000000000000e+00,7.232348951632850964e-01,-4.999838502339362667e-01,2.040093457299441138e-01
1.000000000000000000e+00,4.023344836993549695e-02,-1.126222431551916481e+00,-8.410061106128330008e-03
1.000000000000000000e+00,-2.875798446014346532e-01,-1.052282282318355078e+00,-1.788928058318045577e-02
1.000000000000000000e+00,-1.604095415707611938e+00,1.691358076706211300e+00,-2.019631143788470862e+00
1.000000000000000000e+00,-1.208687821285443498e+00,4.556794695609749368e-01,-8.562069934241626212e-01
1.000000000000000000e+00,1.557794527379490868e+00,1.696641296385279718e+00,2.008192046061844760e+00
1.000000000000000000e+00,-3.709155115396640112e-01,-9.947601420778021675e-01,-2.984423606402178755e-02
1.000000000000000000e+00,-8.680766936442388948e-01,-3.254130590125161038e-01,-3.151682859016809446e-01
1.000000000000000000e+00,1.435609446848257198e+00,1.276664272269485201e+00,1.575988733223970595e+00
1.000000000000000000e+00,1.137491446624116387e+00,3.935841143273703935e-01,7.898437414336060280e-01
1.000000000000000000e+00,4.099926559564724959e-01,-9.181005268207950154e-01,3.308548487679075639e-02
1.000000000000000000e+00,-3.957131170861549196e-01,-9.746130487147156574e-01,-3.474438047352358672e-02
1.000000000000000000e+00,-8.822478164926839117e-01,-2.981441547972271122e-01,-3.308705664685250847e-01
1.000000000000000000e+00,-1.274792683967268803e-01,-1.118741427336818584e+00,-9.110991258506831100e-03
1.000000000000000000e+00,1.632885825757461662e+00,1.971489475288665583e+00,2.309281493042552480e+00
1.000000000000000000e+00,1.650797811122315606e+00,2.038933498825892698e+00,2.385273689163834199e+00
1.000000000000000000e+00,4.112013042201260182e-01,-9.169134711301988316e-01,3.343435528229585230e-02
1.000000000000000000e+00,1.285925707865683609e+00,8.081620510265513646e-01,1.136757714194765789e+00
1.000000000000000000e+00,-1.478879437897315352e+00,1.261810578663999038e+00,-1.578436182016325739e+00
1.000000000000000000e+00,-1.621958189351190016e-02,-1.130803164368272329e+00,-8.544210643652174961e-03
1.000000000000000000e+00,-1.390680969458460536e+00,9.805239210400754635e-01,-1.309901600611040440e+00
1.000000000000000000e+00,7.349273032085686941e-01,-4.800827622725369892e-01,2.141456583392710167e-01
1.000000000000000000e+00,-5.710070515286955750e-01,-7.925510811817517709e-01,-9.201464452731669685e-02
1.000000000000000000e+00,-5.752819862667378770e-01,-7.872434813158821765e-01,-9.398657067595073134e-02
1.000000000000000000e+00,4.913377880358429373e-01,-8.308410205988352448e-01,6.116422514079595391e-02
1.000000000000000000e+00,1.324044048890194780e+00,9.226639587202820625e-01,1.239687916187312666e+00
1.000000000000000000e+00,1.213125888532598617e+00,5.986084300007350478e-01,9.562067138720056203e-01
1.000000000000000000e+00,3.493522108779106849e-01,-9.734186553974616407e-01,1.795647296809225330e-02
1.000000000000000000e+00,-7.303820608578427409e-01,-5.667388931547722164e-01,-1.882710518335352634e-01
1.000000000000000000e+00,-1.662232471049190918e+00,1.902842247791380670e+00,-2.249866241001893030e+00
1.000000000000000000e+00,8.904601087626141664e-01,-1.859618004323895235e-01,3.810626935901865742e-01
1.000000000000000000e+00,-1.091564326722276768e+00,1.575064420921530872e-01,-6.288514667935473090e-01
1.000000000000000000e+00,1.279372523596730371e+00,7.888081090695866493e-01,1.119653268964230897e+00
1.000000000000000000e+00,-7.531131870266775108e-01,-5.298535142835444356e-01,-2.061831073082711074e-01
1.000000000000000000e+00,4.307001381277396346e-02,-1.125802186060934629e+00,-8.391427251871762943e-03
1.000000000000000000e+00,-4.762747812671479508e-01,-8.995665650888760023e-01,-5.573062541187621954e-02
1.000000000000000000e+00,-1.345455024038421543e+00,8.431072850150620468e-01,-1.184946631067216538e+00
1.000000000000000000e+00,-1.629910733299384296e+00,1.784322960812613879e+00,-2.119813557024101680e+00
1.000000000000000000e+00,1.165609895017969411e+00,4.682954825597240300e-01,8.492489235068587661e-01
1.000000000000000000e+00,-9.816026041553812531e-01,-9.421166493022145594e-02,-4.562535812194534746e-01
1.000000000000000000e+00,1.486853139857000627e+00,1.448691423745847251e+00,1.748818385246344809e+00
1.000000000000000000e+00,1.182786771752365906e+00,5.148141927969949183e-01,8.869488205288398319e-01
1.000000000000000000e+00,-8.085897836336125577e-01,-4.349289613154476153e-01,-2.548085145757370551e-01
1.000000000000000000e+00,8.917956211867124061e-01,-1.831994924906711064e-01,3.827723857589858114e-01
1.000000000000000000e+00,6.409770138163116415e-02,-1.122119714386164757e+00,-8.197264070803371092e-03
1.000000000000000000e+00,-1.342940464041573634e+00,8.356026072136993887e-01,-1.178244331648158560e+00
1.000000000000000000e+00,-3.194512516996622087e-01,-1.032136997574857995e+00,-2.170377591636373296e-02
1.000000000000000000e+00,8.250245591953199176e-01,-3.163672808329818786e-01,3.032592447227704380e-01
1.000000000000000000e+00,8.991566961376153966e-01,-1.679018558790993099e-01,3.922856893139911594e-01
1.000000000000000000e+00,1.280162629166878618e+00,7.911364324221764610e-01,1.121706430273912369e+00
1.000000000000000000e+00,4.977160968908242999e-01,-8.233665715568742050e-01,6.378530285500677577e-02
1.000000000000000000e+00,-6.426509978037825421e-01,-6.981455023105558322e-01,-1.292867328944369010e-01
1.000000000000000000e+00,-6.096035911381686434e-01,-7.431338509842021489e-01,-1.109554322970421891e-01
1.000000000000000000e+00,-1.299255882028004239e-01,-1.118161835471488397e+00,-9.152084711911326331e-03
1.000000000000000000e+00,-2.217171256876290797e-01,-1.086637505823548011e+00,-1.249037425887747355e-02
1.000000000000000000e+00,1.362451151790885717e+00,1.041355131213729468e+00,1.349455839237470922e+00
1.000000000000000000e+00,6.377972469399132427e-01,-6.360239400961176237e-01,1.391103129233912938e-01
1.000000000000000000e+00,1.187252573656463861e+00,5.270177919778260556e-01,8.969280843300607708e-01
1.000000000000000000e+00,-6.157841158801160564e-01,-7.349078071330669149e-01,-1.142317218173777016e-01
1.000000000000000000e+00,-4.341233000027547861e-01,-9.406622788496871168e-01,-4.373156244549716160e-02
1.000000000000000000e+00,1.683606106929973256e+00,2.164347366643671222e+00,2.528737600550540865e+00
1.000000000000000000e+00,1.017782699727363571e+00,9.551589325397016883e-02,5.675361568464830642e-01
1.000000000000000000e+00,-8.578681821737338398e-01,-3.447755843775786588e-01,-3.041785177823615460e-01
1.000000000000000000e+00,1.618660911650338319e+00,1.918445062433806747e+00,2.250090731816346334e+00
1.000000000000000000e+00,-5.413769328168717143e-01,-8.282032979857757438e-01,-7.917439677167760481e-02
1.000000000000000000e+00,-3.899656431291367298e-01,-9.794063969817938808e-01,-3.354810463019226863e-02
1.000000000000000000e+00,-3.498542493074244253e-02,-1.130730505841919475e+00,-8.545136869773402657e-03
1.000000000000000000e+00,8.351565078387014340e-01,-2.968087817252217375e-01,3.145573276357503389e-01
1.000000000000000000e+00,-3.295240792812459407e-01,-1.025292646340749680e+00,-2.309557134753434729e-02
1.000000000000000000e+00,-1.391499633853138587e-02,-1.130757205246211594e+00,-8.543934817922069908e-03
1.000000000000000000e+00,1.520728346195546088e+00,1.565670775082208088e+00,1.869704343379637645e+00
1.000000000000000000e+00,1.369342266943874842e+00,1.063003855354249128e+00,1.369807393834388876e+00
1.000000000000000000e+00,9.107312748625366883e-01,-1.436000873812527112e-01,4.075542387460068805e-01
1.000000000000000000e+00,1.526898340628690398e-01,-1.095628902026659190e+00,-5.738293192524547733e-03
1.000000000000000000e+00,1.201741252676478355e+00,5.669210765954096898e-01,9.298143993187086842e-01
1.000000000000000000e+00,5.106649216181606832e-01,-8.079095806858096473e-01,6.930687691942759299e-02
1.000000000000000000e+00,8.022449958397152026e-01,-3.594931270007118984e-01,2.788261640027636101e-01
1.000000000000000000e+00,1.437567989270085000e+00,1.283130081192340510e+00,1.582376284634482655e+00
1.000000000000000000e+00,-1.069218871688780048e+00,1.041417177843135949e-01,-5.907135364972804226e-01
1.000000000000000000e+00,-1.607883902744508431e+00,1.704906679207459197e+00,-2.034130375769179544e+00
1.000000000000000000e+00,7.732591876589139934e-01,-4.126726624685245759e-01,2.496269329897560230e-01
1.000000000000000000e+00,-1.238858345508489223e-01,-1.119568268265589417e+00,-9.054053420713414901e-03
1.000000000000000000e+00,-8.936996132600746323e-01,-2.757762969479923276e-01,-3.439444046908192720e-01
1.000000000000000000e+00,1.594739270954723676e+00,1.830273116889241658e+00,2.152838569211933617e+00
1.000000000000000000e+00,-1.145751574941810569e+00,2.916019023149764022e-01,-7.281725170510356948e-01
1.000000000000000000e+00,6.057547760597163655e-02,-1.122806231042616121e+00,-8.237310812972766655e-03
1.000000000000000000e+00,6.922623070271526347e-01,-5.512072796190514712e-01,1.786553594121322586e-01
1.000000000000000000e+00,-4.610056739700098549e-01,-9.149171504229596241e-01,-5.111213035688470102e-02
1.000000000000000000e+00,2.204901986344457235e-02,-1.128484474233918844e+00,-8.495029499880523555e-03
1.000000000000000000e+00,1.286144247514577232e+00,8.088091508815759001e-01,1.137331082865197684e+00
1.000000000000000000e+00,-8.452985672067923062e-01,-3.682928271930006048e-01,-2.910117016078941909e-01
1.000000000000000000e+00,-1.175281485834079875e+00,3.674727302386208705e-01,-7.865080985487695742e-01
1.000000000000000000e+00,1.162618490491106771e+00,4.602622979844646078e-01,8.427935382188308511e-01
1.000000000000000000e+00,-8.242976841476430394e-01,-4.067878128974280472e-01,-2.698954593660402024e-01
1.000000000000000000e+00,1.045969316555255491e+00,1.627833852848752372e-01,6.155774743760865642e-01
1.000000000000000000e+00,-1.076394420418482545e+00,1.211551135734305062e-01,-6.027847291154601050e-01
1.000000000000000000e+00,2.521457981397171033e-01,-1.044751556361743772e+00,2.175302103995145446e-03
1.000000000000000000e+00,-6.642755600878555988e-01,-6.673711711934724455e-01,-1.423934585357546079e-01
1.000000000000000000e+00,1.003568079885167830e+00,6.227384306324749985e-02,5.442729930621360568e-01
1.000000000000000000e+00,-1.518206192222832263e+00,1.392901542142230831e+00,-1.709205162599880312e+00
1.000000000000000000e+00,9.808969486359998546e-01,1.020069080080441420e-02,5.084803181922674664e-01
1.000000000000000000e+00,-8.142770336126518016e-01,-4.248045034260934938e-01,-2.602019405226208004e-01
1.000000000000000000e+00,-1.224053154407126920e+00,4.970973769992469982e-01,-8.896158743562024851e-01
1.000000000000000000e+00,1.396928265265916291e+00,1.150741353880075701e+00,1.453313319774848456e+00
1.000000000000000000e+00,-8.132799051777651611e-01,-4.265848798483403148e-01,-2.592506915103085507e-01
1.000000000000000000e+00,-1.490248650834131050e+00,1.299349222584000652e+00,-1.615525645002650057e+00
1.000000000000000000e+00,-1.214660000325845202e+00,4.717143287000925556e-01,-8.690900818616351664e-01
1.000000000000000000e+00,-1.053999778656657671e-01,-1.123360515331573772e+00,-8.820452644350560215e-03
1.000000000000000000e+00,5.168032502595520938e-01,-8.004498470832028811e-01,7.201970837287259564e-02
1.000000000000000000e+00,-2.449151573721981001e-01,-1.075655604368195739e+00,-1.404766382813452466e-02
1.000000000000000000e+00,-2.682535985337163309e-01,-1.063379709124098405e+00,-1.598150144740257544e-02
1.000000000000000000e+00,-2.708600793113081218e-01,-1.061932282801326899e+00,-1.622202858012216156e-02
1.000000000000000000e+00,-1.394475895825543876e+00,9.922648598570376066e-01,-1.320771466057597765e+00
1.000000000000000000e+00,-7.729947554302695201e-01,-4.966345257644592115e-01,-2.227931192063802301e-01
1.000000000000000000e+00,-1.533056474244580913e+00,1.443312471009065234e+00,-1.760413400399609696e+00
1.000000000000000000e+00,-1.471481562533889065e+00,1.237541335645574669e+00,-1.554611452161243301e+00
1.000000000000000000e+00,1.079021597489623563e+00,2.439504782991173126e-01,6.752279128895328775e-01
1.000000000000000000e+00,1.615456458876298518e+00,1.906558848618924218e+00,2.236897386399651744e+00
1.000000000000000000e+00,-8.045110755264358593e-01,-4.421448689236156526e-01,-2.509883517125968133e-01
1.000000000000000000e+00,-2.638537980178365036e-02,-1.130862615305401775e+00,-8.544448544045128019e-03
1.000000000000000000e+00,9.255380190532827012e-01,-1.120706348300313376e-01,4.276453436765368377e-01
1.000000000000000000e+00,-8.524271895262860443e-01,-3.549993000239198837e-01,-2.984299119771592901e-01
1.000000000000000000e+00,-2.374688691802516460e-01,-1.079313228524399371e+00,-1.350998566142161406e-02
1.000000000000000000e+00,-1.235213933742233650e+00,5.275163366489852290e-01,-9.144254243350180555e-01
1.000000000000000000e+00,5.867340994999568071e-01,-7.094525819179947623e-01,1.074964095318405310e-01
1.000000000000000000e+00,-1.442416817497627068e+00,1.143390210310031074e+00,-1.463342935223584496e+00
1.000000000000000000e+00,8.536363221286062952e-01,-2.605381445079341107e-01,3.358608175808012186e-01
1.000000000000000000e+00,7.060176289526991500e-01,-5.287259704931284165e-01,1.896506605491684316e-01
1.000000000000000000e+00,-1.360146581735044435e+00,8.872397875362838526e-01,-1.224617825949888106e+00
1.000000000000000000e+00,2.980547836424742858e-01,-1.013723897230205395e+00,8.462749317802380211e-03
1.000000000000000000e+00,-1.253234955945872420e+00,5.772274145141366164e-01,-9.554606120124987667e-01
1.000000000000000000e+00,1.217896650708389039e+00,6.119742108307941741e-01,9.674120021322706320e-01
1.000000000000000000e+00,-5.177543499569340346e-01,-8.552052080529602973e-01,-6.993673285356029334e-02
1.000000000000000000e+00,7.824315724386603499e-01,-3.960497209944524588e-01,2.586418102372525230e-01
1.000000000000000000e+00,-2.991032671073217131e-01,-1.045263568630790063e+00,-1.916872477862386140e-02
1.000000000000000000e+00,-1.765824011563515983e+00,2.298610882015160506e+00,-2.702467735917732483e+00
1.000000000000000000e+00,-1.106040690849311892e+00,1.926809087616143668e-01,-6.544269414054824097e-01
1.000000000000000000e+00,2.180174268849996988e-01,-1.064730010078035027e+00,-1.329454461812634670e-03
1.000000000000000000e+00,-1.240986044497917273e+00,5.433588231679897795e-01,-9.274371365241332876e-01
1.000000000000000000e+00,9.735905813123069130e-01,-6.333700533135267104e-03,4.972834015873195401e-01
1.000000000000000000e+00,-9.007449796605700998e-01,-2.618678690088245831e-01,-3.521607078413743208e-01
1.000000000000000000e+00,-1.292047032002521023e+00,6.867837774628618996e-01,-1.048008154715171170e+00
1.000000000000000000e+00,7.714803952346099836e-01,-4.158743180977263476e-01,2.479025023221136104e-01
1.000000000000000000e+00,-9.474675084831511995e-01,-1.667924779469064644e-01,-4.100674288424923652e-01
1.000000000000000000e+00,-1.029057199305360326e+00,1.106615991869097822e-02,-5.261575336254223911e-01
1.000000000000000000e+00,-1.220997598991497401e+00,4.888184863441075723e-01,-8.829035032739760425e-01
1.000000000000000000e+00,-5.883788733578336760e-01,-7.707257286683153463e-01,-1.002206936977451529e-01
1.000000000000000000e+00,-7.513087622406807720e-01,-5.328241991044243564e-01,-2.047195956504577197e-01
1.000000000000000000e+00,-9.458976315897192899e-01,-1.700671258944815301e-01,-4.080234079321902740e-01
1.000000000000000000e+00,-1.223687006896318152e+00,4.961042037499007185e-01,-8.888097249503592590e-01
1.000000000000000000e+00,1.082120694750565049e+00,2.516876148969166560e-01,6.810081705936502638e-01
1.000000000000000000e+00,-6.216045054941898851e-01,-7.270821432817001773e-01,-1.173803065131791556e-01
1.000000000000000000e+00,-1.337806904537218511e+00,8.203259279579746543e-01,-1.164640493240170827e+00
1.000000000000000000e+00,8.035295545675272821e-01,-3.570924315858825526e-01,2.801687491641092209e-01
1.000000000000000000e+00,2.665699409701723366e-01,-1.035516259354034352e+00,3.945114191594906172e-03
1.000000000000000000e+00,6.616942178011782083e-01,-5.996355791427691040e-01,1.556927848337151254e-01
1.000000000000000000e+00,9.608035811868982368e-01,-3.498043245691470626e-02,4.780786313064119830e-01
1.000000000000000000e+00,6.028311487320342499e-01,-6.869412249454474040e-01,1.169175433143032905e-01
1.000000000000000000e+00,-1.081920909774769290e+00,1.343378897208225287e-01,-6.121946723496248799e-01
1.000000000000000000e+00,-9.563160528768746005e-01,-1.482308709626211918e-01,-4.217189920592748220e-01
1.000000000000000000e+00,5.028089525259937798e-01,-8.173324576400786690e-01,6.592469626980977659e-02
1.000000000000000000e+00,1.946722570080247627e-01,-1.076879615052794392e+00,-3.223196451019657172e-03
1.000000000000000000e+00,-1.317702155376886175e+00,7.610707904811124802e-01,-1.112378789991560479e+00
1.000000000000000000e+00,-6.251633323165700640e-01,-7.222594831179762753e-01,-1.193359484135680382e-01
1.000000000000000000e+00,5.053362506932506520e-02,-1.124609542430299314e+00,-8.334345510835504053e-03
1.000000000000000000e+00,-6.193507147645125333e-01,-7.301215081680063612e-01,-1.161537877238155714e-01
1.000000000000000000e+00,8.791321595454157922e-01,-2.092298392366417625e-01,3.667607360754803758e-01
1.000000000000000000e+00,1.223330380472868351e+00,6.272600327409897369e-01,9.802797291449147910e-01
1.000000000000000000e+00,1.041585809899377435e-01,-1.112338101402939650e+00,-7.474374871925931405e-03
1.000000000000000000e+00,-1.142224544337480552e+00,2.826717231335440506e-01,-7.214065002711671504e-01
1.000000000000000000e+00,1.491727953567727250e+00,1.465365563135866411e+00,1.765885134229179698e+00
1.000000000000000000e+00,6.956472209871474854e-01,-5.457147461807851929e-01,1.813223420208452397e-01
1.000000000000000000e+00,-1.366882582981267635e+00,9.076374379350728994e-01,-1.243101173850717389e+00
1.000000000000000000e+00,-7.108456571444603522e-01,-5.975069656375394667e-01,-1.737697828805672973e-01
1.000000000000000000e+00,6.349798981894285710e-01,-6.402289045933315936e-01,1.372322665610418158e-01
1.000000000000000000e+00,3.915521472090001676e-01,-9.358020686844626956e-01,2.799992084720136221e-02
1.000000000000000000e+00,-1.428606269340513935e+00,1.099322136808250194e+00,-1.421264239340217284e+00
1.000000000000000000e+00,1.517812413313338882e-01,-1.095990632795572850e+00,-5.781387926265330740e-03
1.000000000000000000e+00,-4.740052661782443444e-01,-9.018815353772605681e-01,-5.502401460115365073e-02
1.000000000000000000e+00,-9.823765708863074764e-01,-9.253545708138613546e-02,-4.573398944385042575e-01
1.000000000000000000e+00,-4.652601909526634660e-01,-9.106928950746213669e-01,-5.236722088737033598e-02
1.000000000000000000e+00,-1.539821126161477149e+00,1.466441090603544550e+00,-1.784076753796277393e+00
1.000000000000000000e+00,-2.602916386908494806e-01,-1.067706027350038944e+00,-1.527797855202675005e-02
1.000000000000000000e+00,6.090240967083776491e-02,-1.122743689393560285e+00,-8.233730646073180934e-03
1.000000000000000000e+00,2.913778234563210723e-01,-1.018532594236333466e+00,7.426382431413997010e-03
1.000000000000000000e+00,-1.556582484769517105e+00,1.524194535408514239e+00,-1.843625488646872368e+00
1.000000000000000000e+00,-7.486887797096835051e-01,-5.371244624764166531e-01,-2.026074990410319521e-01
1.000000000000000000e+00,1.123764079968669227e+00,3.577594215252397070e-01,7.618665298975720868e-01
1.000000000000000000e+00,-1.881530585029268232e-01,-1.100373401062693546e+00,-1.080342099987597997e-02
1.000000000000000000e+00,2.497705099571742582e-01,-1.046227274163368914e+00,1.900946003662395403e-03
1.000000000000000000e+00,-1.417732934297377234e+00,1.064929763567177501e+00,-1.388711667991680887e+00
1.000000000000000000e+00,-1.365682431427188703e+00,9.039956849251712390e-01,-1.239794384680786621e+00
1.000000000000000000e+00,-1.225556854256687256e+00,5.011793329864990820e-01,-8.929317415634039357e-01
1.000000000000000000e+00,1.580132084978328688e+00,1.777069084712595615e+00,2.094849370972486469e+00
1.000000000000000000e+00,-1.334019832725373167e+00,8.090943703197196468e-01,-1.154672715737741662e+00
1.000000000000000000e+00,-2.658121501116469942e-01,-1.064721560788668420e+00,-1.576080938791753899e-02
1.000000000000000000e+00,1.230264589514213691e+00,6.468638374050641460e-01,9.968643867316988594e-01
1.000000000000000000e+00,1.612910902710986027e+00,1.897133210134251957e+00,2.226453538106352603e+00
1.000000000000000000e+00,-1.400951933274421357e+00,1.012375935401828464e+00,-1.339460361800806965e+00
1.000000000000000000e+00,9.459325232697500807e-01,-6.783121501894358307e-02,4.563626455317305597e-01
1.000000000000000000e+00,1.255160185561308372e+00,7.181421590322675241e-01,1.057934394725463800e+00
1.000000000000000000e+00,9.353941332330983904e-01,-9.080830934375538899e-02,4.413712569993155643e-01
1.000000000000000000e+00,1.308373005769376540e+00,8.751928607820556039e-01,1.196656346325477127e+00
1.000000000000000000e+00,5.042578401514314496e-02,-1.124627671387091521e+00,-8.335257486339399738e-03
1.000000000000000000e+00,5.332719541593914370e-01,-7.800151143752618310e-01,7.960780180624769942e-02
1.000000000000000000e+00,-1.453198831709780203e-01,-1.114204148527581761e+00,-9.457019669733605916e-03
1.000000000000000000e+00,1.149498801651146707e+00,4.252692907838503955e-01,8.148639157443475778e-01
1.000000000000000000e+00,-1.479499918431332883e+00,1.263851731204926887e+00,-1.580445480067965924e+00
1.000000000000000000e+00,-1.489285976509174159e+00,1.296159360698379226e+00,-1.612362741230664032e+00
1.000000000000000000e+00,-1.287821774912101258e+00,6.746918102561931807e-01,-1.037652852476254717e+00
1.000000000000000000e+00,8.896742156076344887e-01,-1.875854187132714457e-01,3.800589426166053331e-01
1.000000000000000000e+00,1.024936786801670774e+00,1.124190920399818355e-01,5.794872289137185106e-01
1.000000000000000000e+00,1.879590005029250777e-01,-1.080145349685041056e+00,-3.698625104607505473e-03
1.000000000000000000e+00,6.376227753513274976e-01,-6.362848645235631428e-01,1.389935442464939885e-01
1.000000000000000000e+00,-1.142374275456063737e+00,2.830502596504412827e-01,-7.216928686683318217e-01
1.000000000000000000e+00,1.745536535062832961e-01,-1.086361704486269231e+00,-4.561543309910085810e-03
1.000000000000000000e+00,-9.845266336622846559e-01,-8.787188251792754645e-02,-4.603668670048348677e-01
1.000000000000000000e+00,-1.023287087549351160e+00,-2.006655654024379343e-03,-5.172946134612105284e-01
1.000000000000000000e+00,-1.805095589521112098e-01,-1.103145471009005396e+00,-1.050252261941373062e-02
1.000000000000000000e+00,-1.469681259108933213e+00,1.231654031415452932e+00,-1.548850305915931314e+00
1.000000000000000000e+00,1.734363061370064463e+00,2.363166123947742836e+00,2.761799776684722207e+00
1.000000000000000000e+00,7.440806983030684441e-01,-4.642875486845811639e-01,2.223020034693358737e-01
1.000000000000000000e+00,-1.735544926553039130e-02,-1.130821399563407770e+00,-8.544298432538517674e-03
1.000000000000000000e+00,-6.063835397872772148e-01,-7.473854048349710677e-01,-1.092756412403193961e-01
1.000000000000000000e+00,1.255176660769312225e+00,7.181897929084789522e-01,1.057975606615737751e+00
1.000000000000000000e+00,7.943871834440734414e-01,-3.740972980691076866e-01,2.707039006552095506e-01
1.000000000000000000e+00,-1.066253847989370396e+00,9.714555895594834123e-02,-5.857736947335718813e-01
1.000000000000000000e+00,-1.179504972329204593e+00,3.784852023181909941e-01,-7.951006196995559216e-01
1.000000000000000000e+00,1.379015169580366074e+00,1.093572767277891877e+00,1.398715954642112402e+00
1.000000000000000000e+00,7.652504474565041681e-01,-4.270312346620301902e-01,2.419235127493761517e-01
1.000000000000000000e+00,-2.562850110720492625e-01,-1.069828924320958663e+00,-1.494138094641890742e-02
1.000000000000000000e+00,1.224602068568849816e-01,-1.106662191768285730e+00,-6.946845821634300630e-03
1.000000000000000000e+00,4.063971426739698689e-01,-9.216122831927712200e-01,3.205909594382903849e-02
1.000000000000000000e+00,5.637205211913965952e-01,-7.406192599020098299e-01,9.486441677128928940e-02
1.000000000000000000e+00,5.360677734189658317e-01,-7.764851258498499664e-01,8.094150747047726413e-02
1.000000000000000000e+00,1.060603613275306056e+00,1.984164621339932211e-01,6.415409641717225719e-01
1.000000000000000000e+00,-2.086392711126930366e-01,-1.092292345101012696e+00,-1.175840178583529086e-02
1.000000000000000000e+00,8.541333268367592435e-01,-2.595520053545312678e-01,3.364463318818611270e-01
1.000000000000000000e+00,1.324457139031721020e+00,9.239228106736390167e-01,1.240835874409216055e+00
1.000000000000000000e+00,1.142868761581285808e+00,4.077335537201445814e-01,8.009850283391291015e-01
1.000000000000000000e+00,7.272386707343215795e-01,-4.932040078508095338e-01,2.074448626938074081e-01
1.000000000000000000e+00,1.422105623668243446e+00,1.232319590772850582e+00,1.532412362388585469e+00
1.000000000000000000e+00,-7.132433129366136937e-01,-5.937773182933736571e-01,-1.755058668846810610e-01
1.000000000000000000e+00,9.380258196964280648e-01,-8.509390045683119796e-02,4.450843031215184209e-01
1.000000000000000000e+00,-2.095144956102565625e-01,-1.091925970549120217e+00,-1.180429553500218776e-02
1.000000000000000000e+00,-8.701370468519019630e-01,-3.214766086376632526e-01,-3.174188412207360477e-01
1.000000000000000000e+00,-1.551294110648288482e+00,1.505904178779162050e+00,-1.824695768133631546e+00
1.000000000000000000e+00,-1.721144923110501157e+00,2.124940726201106855e+00,-2.500448786159483294e+00
1.000000000000000000e+00,7.968677941253895503e-01,-3.695020241812124184e-01,2.732512359832380278e-01
1.000000000000000000e+00,1.702737027331668207e+00,2.238600775985531310e+00,2.614980434657667274e+00
1.000000000000000000e+00,-5.265657031250889908e-01,-8.452808494703927256e-01,-7.328172573639257781e-02
1.000000000000000000e+00,-3.842432884307795948e-01,-9.841046143375924427e-01,-3.239379581401695407e-02
1.000000000000000000e+00,-2.555462267332678228e-01,-1.070216404115118758e+00,-1.488056711007761275e-02
1.000000000000000000e+00,9.884477029828692141e-01,2.741492410993645948e-02,5.202241183022686677e-01
1.000000000000000000e+00,-3.637489615942224308e-01,-1.000323782512245963e+00,-2.855169208301862327e-02
1.000000000000000000e+00,1.258913090426329706e+00,7.290085780567912010e-01,1.067349544763192215e+00
1.000000000000000000e+00,1.148976546732699777e+00,4.238843779406534784e-01,8.137649505250729165e-01
1.000000000000000000e+00,-1.992254296163318006e-01,-1.096123565993722959e+00,-1.129171228701061729e-02
1.000000000000000000e+00,5.238852016777888199e-02,-1.124293604729472484e+00,-8.318241758685967005e-03
1.000000000000000000e+00,-5.206283333109608114e-01,-8.519874837493311981e-01,-7.101477620491575271e-02
1.000000000000000000e+00,9.010748771590636474e-01,-1.638954138001475214e-01,3.947897791019664981e-01
1.000000000000000000e+00,1.133274384697293025e+00,3.825334015658184983e-01,7.811782604163302057e-01
1.000000000000000000e+00,6.224322633900274404e-01,-6.587386671599331223e-01,1.290612743061682055e-01
1.000000000000000000e+00,6.537904924289225095e-01,-6.118135958476192959e-01,1.500778108408463152e-01
1.000000000000000000e+00,-9.111589119468932463e-01,-2.411039764233850469e-01,-3.645495133806028742e-01
1.000000000000000000e+00,1.695494589118686557e+00,2.210393171379896771e+00,2.582105125229720688e+00
1.000000000000000000e+00,-1.439719126532504445e+00,1.134748266045058074e+00,-1.455058699468886552e+00
1.000000000000000000e+00,3.210158376672715974e-01,-9.964183765915042290e-01,1.236729679237969122e-02
1.000000000000000000e+00,1.656927355804026059e+00,2.062179635991326254e+00,2.411654944284507440e+00
1.000000000000000000e+00,1.515660921691521335e+00,1.548006730459146496e+00,1.851279024880010171e+00
1.000000000000000000e+00,1.658201572959348669e+00,2.067022733615158092e+00,2.417163333424886762e+00
1.000000000000000000e+00,7.882968071429289347e-01,-3.853205809098714241e-01,2.645149174738679609e-01
1.000000000000000000e+00,1.145274352483643732e+00,4.140845951316110551e-01,8.060025570213126267e-01
1.000000000000000000e+00,-1.184073014226066478e+00,3.904414705659740026e-01,-8.044650935014394655e-01
1.000000000000000000e+00,1.016391874462227451e-01,-1.113060157108457737e+00,-7.536302048479206692e-03
1.000000000000000000e+00,1.151381176167909776e-01,-1.109023864182170804e+00,-7.174838646334029055e-03
1.000000000000000000e+00,-2.174091137198426449e-01,-1.088542982499137279e+00,-1.223816007354133761e-02
1.000000000000000000e+00,3.445049537015879709e-02,-1.127022855520653621e+00,-8.443237929033163905e-03
1.000000000000000000e+00,-6.757108341301752696e-02,-1.128713108789815012e+00,-8.586920269933342661e-03
1.000000000000000000e+00,-7.936222194539960251e-01,-4.612248483076449856e-01,-2.409836929653818294e-01
1.000000000000000000e+00,-1.465565994278451800e+00,1.218223916492731984e+00,-1.535734845013041916e+00
1.000000000000000000e+00,8.390361050197356896e-01,-2.892582514272475369e-01,3.189546732695098252e-01
1.000000000000000000e+00,-1.713118391480498826e+00,2.094219275611094666e+00,-2.465262136096064705e+00
1.000000000000000000e+00,-3.989914136020403790e-01,-9.718455327074974059e-01,-3.544350805090226014e-02
1.000000000000000000e+00,8.696321980319614564e-01,-2.285194905689151845e-01,3.550400630306608796e-01
1.000000000000000000e+00,-1.681087160641017597e+00,1.973070326114715556e+00,-2.328142221269282164e+00
1.000000000000000000e+00,2.250714190964701045e-01,-1.060816517049914642e+00,-6.797054296995747079e-04
1.000000000000000000e+00,-1.509112250271631872e+00,1.362277251339368611e+00,-1.678344670650316672e+00
1.000000000000000000e+00,1.095896110653921118e+00,2.863417333621077199e-01,7.070956506688482746e-01
1.000000000000000000e+00,7.946430670827624443e-01,-3.736239229537509643e-01,2.709659541328544030e-01
1.000000000000000000e+00,-1.280011719610809839e+00,6.524469973417578172e-01,-1.018693373850446671e+00
1.000000000000000000e+00,-1.068856453385588878e+00,1.032855030712638844e-01,-5.901082278916677248e-01
1.000000000000000000e+00,7.817740160555717299e-01,-3.972477262403881215e-01,2.579886705716685213e-01
1.000000000000000000e+00,-1.154772900442836869e+00,3.145711721558476781e-01,-7.456729157105879136e-01
1.000000000000000000e+00,9.950705890795370490e-01,4.261989513259582807e-02,5.306700465991751603e-01
1.000000000000000000e+00,-4.254340309064592041e-01,-9.486346098007093497e-01,-4.154266421050986646e-02
1.000000000000000000e+00,6.968583065872159255e-01,-5.437432861311325416e-01,1.822826771538587909e-01
1.000000000000000000e+00,1.691911391848254009e+00,2.196481297095487228e+00,2.565942112250120921e+00
1.000000000000000000e+00,9.072214958831480436e-01,-1.510011452862461967e-01,4.028840982963931561e-01
1.000000000000000000e+00,-1.032024484558480504e+00,1.781816989351156511e-02,-5.307551079678186623e-01
1.000000000000000000e+00,1.737786807141269430e+00,2.376786847948658465e+00,2.778014913134990049e+00
1.000000000000000000e+00,-9.472857344794091139e-01,-1.671719303532476497e-01,-4.098303982267155754e-01
1.000000000000000000e+00,1.032160430799665018e+00,1.296040199653932801e-01,5.917210575900805347e-01
1.000000000000000000e+00,-1.747751903094180437e-01,-1.105138452327397269e+00,-1.029522573282348058e-02
1.000000000000000000e+00,7.507898090314678585e-01,-4.525899406685580106e-01,2.284051458350465358e-01
1.000000000000000000e+00,4.184523141882111053e-01,-9.097226717029475163e-01,3.556832045929910618e-02
1.000000000000000000e+00,-1.337401637208186944e+00,8.191224520768735085e-01,-1.163571057275592402e+00
1.000000000000000000e+00,1.462897003230142212e-01,-1.098137212617082970e+00,-6.032494420538518295e-03
1.000000000000000000e+00,-8.916187985733010635e-01,-2.798626206245629633e-01,-3.415430631990718502e-01
1.000000000000000000e+00,6.526682940912605924e-01,-6.135312249858061451e-01,1.492911077253165353e-01
1.000000000000000000e+00,-1.758678542435668568e+00,2.270532916505299426e+00,-2.669451867078175944e+00
1.000000000000000000e+00,-1.523939828408624964e+00,1.412305927328532329e+00,-1.728856484342385924e+00
1.000000000000000000e+00,-1.410459257982027426e+00,1.042072300230981075e+00,-1.367217300117760326e+00
1.000000000000000000e+00,1.493097035016197172e+00,1.470058122653108867e+00,1.770698090512237366e+00
1.000000000000000000e+00,-4.745787068668728681e-01,-9.012977087313766011e-01,-5.520188389134837725e-02
1.000000000000000000e+00,2.861428870529782870e-02,-1.127754007794165902e+00,-8.470673104611473742e-03
1.000000000000000000e+00,6.442467558481230760e-01,-6.263303346271358318e-01,1.434701376662280981e-01
1.000000000000000000e+00,-1.800030800594036584e-01,-1.103324490506970790e+00,-1.048358779456140186e-02
1.000000000000000000e+00,1.436091504054709811e-01,-1.099160250196590249e+00,-6.149334001581131283e-03
1.000000000000000000e+00,3.725204105151238565e-01,-9.532651130583025267e-01,2.320410348218108001e-02
1.000000000000000000e+00,-5.192693855691584391e-03,-1.130474556176556344e+00,-8.541109414127435323e-03
1.000000000000000000e+00,1.204486326487358872e+00,5.745347555589128685e-01,9.361335232012367724e-01
1.000000000000000000e+00,6.412690297016101493e-01,-6.308175383440194350e-01,1.414467032385187673e-01
1.000000000000000000e+00,-1.614620224111219082e+00,1.729077625476447500e+00,-2.060083327189350832e+00
1.000000000000000000e+00,1.366965641228152561e+00,1.055525460606308918e+00,1.362765691240013233e+00
1.000000000000000000e+00,-1.184176756518791861e-02,-1.130705601792497683e+00,-8.543549328021060943e-03
1.000000000000000000e+00,1.430749550422703020e+00,1.260657567638944210e+00,1.560212662487747259e+00
1.000000000000000000e+00,-1.154597101571308744e-02,-1.130697447299378489e+00,-8.543482054567891684e-03
1.000000000000000000e+00,-1.202058547754159878e+00,4.379747775417918154e-01,-8.420577392834833752e-01
1.000000000000000000e+00,-1.084623550317566076e+00,1.408098505386064792e-01,-6.168324006345663468e-01
1.000000000000000000e+00,-2.876231014007984421e-01,-1.052256496627888671e+00,-1.789388023271911918e-02
1.000000000000000000e+00,-1.279960438866658556e+00,6.523013937583345134e-01,-1.018569661971787443e+00
1.000000000000000000e+00,-6.366525521765969975e-01,-7.064947331304145539e-01,-1.258091360201961662e-01
1.000000000000000000e+00,9.246892780006926715e-02,-1.115567187617589662e+00,-7.741497256888963188e-03
1.000000000000000000e+00,-1.058544688897045116e+00,7.904832103008030408e-02,-5.730608959759617704e-01
1.000000000000000000e+00,4.101076579408451384e-01,-9.179877215037445248e-01,3.311859611358502348e-02
1.000000000000000000e+00,4.290202431631717217e-01,-8.990296643342209348e-01,3.880613233701420833e-02
1.000000000000000000e+00,1.425674306759261434e+00,1.243998578315725245e+00,1.543849681040224242e+00
1.000000000000000000e+00,-1.293073392736893368e+00,6.897271393043820087e-01,-1.050534012527481353e+00
1.000000000000000000e+00,5.722730732899784512e-01,-7.291765503946727733e-01,9.944574246281445706e-02
1.000000000000000000e+00,-9.152617061191118397e-01,-2.328562760216891792e-01,-3.695109607380403505e-01
1.000000000000000000e+00,5.219814808761931157e-01,-7.940906620106675806e-01,7.435664224039359449e-02
1.000000000000000000e+00,1.494917981022395814e+00,1.476306024110297210e+00,1.777113035254356044e+00
1.000000000000000000e+00,1.001853195662006923e+00,5.829432079284540408e-02,5.415095611478303317e-01
1.000000000000000000e+00,9.647638675793234198e-01,-2.614770652517472635e-02,4.839736487349431404e-01
1.000000000000000000e+00,-5.412494279340464010e-01,-8.283524289280409514e-01,-7.912220160324977269e-02
1.000000000000000000e+00,-4.643693813915947821e-01,-9.115807550940078219e-01,-5.210241607591240692e-02
1.000000000000000000e+00,1.463751309259403444e-01,-1.098104340774322285e+00,-6.028709504645317872e-03
1.000000000000000000e+00,9.385279988101161153e-02,-1.115201033452127177e+00,-7.712506559467114178e-03
1.000000000000000000e+00,1.582999525772103899e+00,1.787475172245750255e+00,2.106149989096961050e+00
1.000000000000000000e+00,-8.008200590790273132e-01,-4.486424732321123710e-01,-2.475655404953998051e-01
1.000000000000000000e+00,-1.078459811911880006e+00,1.260737773121259619e-01,-6.062899356733986167e-01
1.000000000000000000e+00,1.045814100527485468e+00,1.624080439934439957e-01,6.153058694030629772e-01
1.000000000000000000e+00,-6.432162305504187660e-01,-6.973545622427130830e-01,-1.296179261337898903e-01
1.000000000000000000e+00,1.612872682171104355e+00,1.896991799436583692e+00,2.226296975044411930e+00
1.000000000000000000e+00,3.195060400075975804e-01,-9.975929008902965078e-01,1.209387850764072694e-02
1.000000000000000000e+00,5.096920820884439651e-01,-8.090840255605562525e-01,6.888260354441717859e-02
1.000000000000000000e+00,7.878261223373518307e-01,-3.861844636807407749e-01,2.640404558921483069e-01
1.000000000000000000e+00,1.410850349109852742e+00,1.195673791130234198e+00,1.496708424709491503e+00
1.000000000000000000e+00,9.719320844044279095e-01,-1.007009326213451593e-02,4.947644949867601172e-01
1.000000000000000000e+00,1.250117824137089828e+00,7.035922829762323305e-01,1.045371006668561753e+00
1.000000000000000000e+00,-1.031301054272580009e+00,1.617018122476973283e-02,-5.296317106859894652e-01
1.000000000000000000e+00,2.656804225568000777e-01,-1.036099395402175327e+00,3.830719263303109141e-03
1.000000000000000000e+00,-2.088221592124702708e-01,-1.092215930086165132e+00,-1.176795596949243780e-02
1.000000000000000000e+00,1.660794028204126249e+00,2.076887575031890698e+00,2.428396200721725684e+00
1.000000000000000000e+00,1.158701298101931787e+00,4.497735684735039152e-01,8.343894063354431179e-01
1.000000000000000000e+00,-1.620905892648024427e+00,1.751724071852918785e+00,-2.084499118694880249e+00
1.000000000000000000e+00,3.407591133871489264e-01,-9.805851450455133067e-01,1.616790914236314325e-02
1.000000000000000000e+00,8.116289288692265513e-01,-3.418697127291152049e-01,2.887304098385840567e-01
1.000000000000000000e+00,1.478357906011898426e-01,-1.097539758217857653e+00,-5.963406959716283963e-03
1.000000000000000000e+00,-1.655088907069991455e+00,1.876444514504300720e+00,-2.220675802478768279e+00
1.000000000000000000e+00,4.037872894133691104e-01,-9.241430362400855358e-01,3.132474039539637906e-02
1.000000000000000000e+00,9.524656987046485890e-01,-5.346072658185336418e-02,4.658215744944873005e-01
1.000000000000000000e+00,8.897943409058874931e-01,-1.873373358894835639e-01,3.802122561555709157e-01
1.000000000000000000e+00,1.372681570075397817e+00,1.073533025939700902e+00,1.379742082922994939e+00
1.000000000000000000e+00,-1.666829002457312470e+00,1.919888879485583510e+00,-2.268783961378873837e+00
1.000000000000000000e+00,1.049931970964304462e+00,1.723842650506374474e-01,6.225382550855876884e-01
1.000000000000000000e+00,-7.727609260231901311e-01,-4.970304105993689769e-01,-2.225925518731120545e-01
1.000000000000000000e+00,1.715039661416429162e+00,2.286788430317391096e+00,2.671460720215111273e+00
1.000000000000000000e+00,1.115267866480105230e+00,3.358000203009749995e-01,7.448825618856924624e-01
1.000000000000000000e+00,3.663008985741082468e-01,-9.587944789860395334e-01,2.173306172023990387e-02
1.000000000000000000e+00,1.269243744853232769e+00,7.590851049240102677e-01,1.093552571262897288e+00
1.000000000000000000e+00,3.345678038880189886e-01,-9.856451315275513991e-01,1.493040003171275561e-02
1.000000000000000000e+00,7.951491379369612922e-01,-3.726872750738851048e-01,2.714847099627981097e-01
1.000000000000000000e+00,-1.558399265166645842e+00,1.530492636754558600e+00,-1.850158877376306910e+00
1.000000000000000000e+00,-6.043919082489302985e-01,-7.500032987571738641e-01,-1.082459260650351918e-01
1.000000000000000000e+00,1.197425493769234128e+00,5.549854196642014514e-01,9.199366608505094023e-01
1.000000000000000000e+00,-8.478445045365454735e-01,-3.635583240397934901e-01,-2.936463523492029992e-01
1.000000000000000000e+00,3.819049710231560146e-01,-9.447563999824242220e-01,2.551273820920531982e-02
1.000000000000000000e+00,-4.833479440815569017e-01,-8.922770489362800150e-01,-5.797871727953595594e-02
1.000000000000000000e+00,-7.984422105292650063e-01,-4.528120883992886037e-01,-2.453776292954379656e-01
1.000000000000000000e+00,5.289521652796348450e-01,-7.854345191673977045e-01,7.757327017534595970e-02
1.000000000000000000e+00,1.737010559217200489e+00,2.373696369883811386e+00,2.774333008971495929e+00
1.000000000000000000e+00,1.542953390270687786e+00,1.643828472638737326e+00,1.951953198821615443e+00
1.000000000000000000e+00,1.030003871427742634e+00,1.244612508923662736e-01,5.880511563857541146e-01
1.000000000000000000e+00,-5.953730169092715796e-01,-7.617459182467074541e-01,-1.036707555094907723e-01
1.000000000000000000e+00,-2.184389423038047007e-01,-1.088091294642527185e+00,-1.229744366438078468e-02
1.000000000000000000e+00,1.547981515754965898e+00,1.661665506630978006e+00,1.970888016933534548e+00
1.000000000000000000e+00,-2.590818394216425902e-01,-1.068350859291384403e+00,-1.517512902180199498e-02
1.000000000000000000e+00,-1.341251630989075405e-01,-1.117135310910333246e+00,-9.227179454791911012e-03
1.000000000000000000e+00,3.599321577600679278e-01,-9.643659030573829005e-01,2.027454889523202727e-02
1.000000000000000000e+00,-5.036969655146814606e-01,-8.706749114080131191e-01,-6.484211964501111758e-02
1.000000000000000000e+00,-1.189555431291124288e+00,4.048532757248984870e-01,-8.158018049195915333e-01
1.000000000000000000e+00,7.844169745094750068e-01,-3.924265764161099512e-01,2.606203494920271146e-01
1.000000000000000000e+00,-5.829148324515899260e-01,-7.776640971629628085e-01,-9.758420570042704301e-02
1.000000000000000000e+00,-1.634646924912168453e+00,1.801542248009899261e+00,-2.138547232060671988e+00
1.000000000000000000e+00,3.205074125342255442e-01,-9.968144736723314470e-01,1.227495507547553266e-02
1.000000000000000000e+00,1.586566716994361359e+00,1.800446632124272250e+00,2.120264735981757909e+00
1.000000000000000000e+00,-1.162687994200411357e+00,3.348753667976300807e-01,-7.612590648230368462e-01
1.000000000000000000e+00,1.093619593237124654e+00,2.805852270151508177e-01,7.027398425294710815e-01
1.000000000000000000e+00,-1.590532458833426199e+00,1.643119443592273576e+00,-1.968290668070618255e+00
1.000000000000000000e+00,-5.664889237629514573e-01,-7.981157186926944869e-01,-8.996376885995664707e-02
1.000000000000000000e+00,-1.004480008497306898e+00,-4.409371988988727842e-02,-4.891100981738170095e-01
1.000000000000000000e+00,-1.049240304112912581e+00,5.738520868048557072e-02,-5.579677911344966823e-01
1.000000000000000000e+00,1.146324601108932750e+00,4.168614765103543784e-01,8.081996283549676141e-01
1.000000000000000000e+00,3.789942284628332603e-01,-9.474167846781615943e-01,2.478511162998644005e-02
1.000000000000000000e+00,9.379399957328392601e-01,-8.528050441627961498e-02,4.449628930442064978e-01
1.000000000000000000e+00,-5.930577975691727621e-01,-7.647306815526192514e-01,-1.025192928936154296e-01
1.000000000000000000e+00,-6.861723470261735791e-01,-6.351323530564704223e-01,-1.565984287394635854e-01
1.000000000000000000e+00,1.191709653510172551e+00,5.392425056315186538e-01,9.069615058377843431e-01
1.000000000000000000e+00,1.224348068453924743e+00,6.301303481664223272e-01,9.827022427362264168e-01
1.000000000000000000e+00,-9.894710530393442394e-01,-7.710758746685655862e-02,-4.673794567875575456e-01
1.000000000000000000e+00,3.254587839617284484e-01,-9.929321617222798269e-01,1.318588363680224876e-02
1.000000000000000000e+00,5.311682111528632372e-02,-1.124167429471693680e+00,-8.311700483977044196e-03
1.000000000000000000e+00,7.919083893234284410e-01,-3.786753125809549925e-01,2.681738116487361046e-01
1.000000000000000000e+00,1.350639764805706244e+00,1.004498838421195916e+00,1.315040928833276945e+00
1.000000000000000000e+00,-9.301090722211641237e-01,-2.026911469512092945e-01,-3.878506692226370567e-01
1.000000000000000000e+00,1.193948654568437018e+00,5.454004997914544406e-01,9.120296150270796876e-01
1.000000000000000000e+00,-1.671734078943942547e+00,1.938132452492714819e+00,-2.289088631097379700e+00
1.000000000000000000e+00,1.341461997108070792e+00,9.760782195818575868e-01,1.288704722408288594e+00
1.000000000000000000e+00,-1.271068137024236044e+00,6.271429911216153119e-01,-9.972698705243453476e-01
1.000000000000000000e+00,1.665826850588920660e+00,2.096081904661871054e+00,2.450301854012097547e+00
1.000000000000000000e+00,-1.670180526357011030e-01,-1.107716163359530048e+00,-1.003884268088919667e-02
1.000000000000000000e+00,1.186752223050687283e+00,5.256482523251103656e-01,8.958063335191512877e-01
1.000000000000000000e+00,3.581641706303176353e-01,-9.658962929761343297e-01,1.987813628765703819e-02
1.000000000000000000e+00,-1.473240481980802707e+00,1.243300382737533738e+00,-1.560254022170250776e+00
1.000000000000000000e+00,5.065696292780308418e-01,-8.128391039074788216e-01,6.753126251760577237e-02
1.000000000000000000e+00,1.180264702070870086e+00,5.079421071093495055e-01,8.813455472644681210e-01
1.000000000000000000e+00,1.311767065185848402e+00,8.854271314758607181e-01,1.205890905888101550e+00
1.000000000000000000e+00,-3.652476499985871788e-02,-1.130689218789864281e+00,-8.545468705745275229e-03
1.000000000000000000e+00,1.143960119675023313e+00,4.106132456856112500e-01,8.032587977584605410e-01
1.000000000000000000e+00,1.232613906683171834e+00,6.535302767667362511e-01,1.002525057991567436e+00
1.000000000000000000e+00,1.957059699385115259e-01,-1.076367703464512715e+00,-3.147336532380112361e-03
1.000000000000000000e+00,-1.605304012022910953e+00,1.695676803396078736e+00,-2.024249121052477118e+00
1.000000000000000000e+00,-1.352609909868047744e+00,8.645391595571337851e-01,-1.204157201348801554e+00
1.000000000000000000e+00,1.274552434348137364e-01,-1.104981552249792331e+00,-6.777617589208253905e-03
1.000000000000000000e+00,-1.602343189251493438e+00,1.685102637821003668e+00,-2.012948520559274534e+00
1.000000000000000000e+00,-2.156780279027226965e-01,-1.089296843437288942e+00,-1.213992006334400908e-02
1.000000000000000000e+00,-7.701313973739334351e-01,-5.014738238183640284e-01,-2.203456839710444259e-01
1.000000000000000000e+00,2.789119646994784318e-01,-1.027240705489600892e+00,5.605817325046725565e-03
1.000000000000000000e+00,1.435366578237553536e+00,1.275863085372943795e+00,1.575197839950558176e+00
1.000000000000000000e+00,9.514276916166718445e-01,-5.575039219129920842e-02,4.643102231456504025e-01
1.000000000000000000e+00,-3.229559951614702218e-01,-1.029781588550914728e+00,-2.217747555971359003e-02
1.000000000000000000e+00,3.751121191639343877e-01,-9.509351825312306605e-01,2.383089469009264105e-02
1.000000000000000000e+00,3.395833383386669402e-01,-9.815527386549669497e-01,1.592963126951985400e-02
1.000000000000000000e+00,1.081538736566063141e+00,2.502330555358922015e-01,6.799202612099367604e-01
1.000000000000000000e+00,1.461164790832638061e-01,-1.098203813753875879e+00,-6.040157154944266610e-03
1.000000000000000000e+00,-7.304566770037473900e-01,-5.666197256036261676e-01,-1.883280032868255294e-01
1.000000000000000000e+00,1.001818938548217464e+00,5.821489221850490586e-02,5.414544519158505098e-01
1.000000000000000000e+00,8.882820043631967089e-02,-1.116509800283357112e+00,-7.814533183317172449e-03
1.000000000000000000e+00,-7.564105785921702019e-01,-5.244058949512873102e-01,-2.088762868861490929e-01
1.000000000000000000e+00,-2.980937215312379207e-01,-1.045890461533205418e+00,-1.905223633084282206e-02
1.000000000000000000e+00,1.307443815332624826e-01,-1.103844086453839468e+00,-6.659902291448025966e-03
1.000000000000000000e+00,8.216343791120279683e-01,-3.228598004082670614e-01,2.995385337022435368e-01
1.000000000000000000e+00,1.757081928293893480e-01,-1.085842305102151739e+00,-4.491620810649170174e-03
1.000000000000000000e+00,8.889620705998633188e-01,-1.890554710452884146e-01,3.791508737785264649e-01
1.000000000000000000e+00,-7.167657312008337556e-01,-5.882744903925026803e-01,-1.780783555555521813e-01
1.000000000000000000e+00,4.220669672575562692e-01,-9.060936435398803113e-01,3.665860046429079977e-02
1.000000000000000000e+00,9.801377313749100040e-01,8.476955591769478465e-03,5.073092110048739167e-01
1.000000000000000000e+00,-2.841381323021625604e-01,-1.054320355664140729e+00,-1.752812619576218228e-02
1.000000000000000000e+00,4.116069933402534686e-01,-9.165142894646067795e-01,3.355189088435796968e-02
1.000000000000000000e+00,1.119783090470584774e+00,3.474497990547934512e-01,7.538770865221600115e-01
1.000000000000000000e+00,6.577231408368260368e-01,-6.057718432974832368e-01,1.528553715041844618e-01
1.000000000000000000e+00,1.188810814255365500e+00,5.312865712924127459e-01,9.004274920461774467e-01
1.000000000000000000e+00,3.559309824734620542e-01,-9.678192672512873074e-01,1.938263536160336059e-02
1.000000000000000000e+00,-3.399226294194800935e-01,-1.017986377091210981e+00,-2.463188769118930185e-02
1.000000000000000000e+00,-5.707143037813374731e-01,-7.929130345770080135e-01,-9.188072825497692331e-02
